frame,steering,throttle,vector_index,x0,y0,x1,y1,flags
0,0,0,165,35,29,37,0,0
0,0,0,169,22,34,22,0,0
0,0,0,176,52,13,53,0,0
1,0,0,165,35,29,37,0,0
1,0,0,169,21,34,21,0,0
1,0,0,176,52,10,53,0,0
2,0,0,165,35,29,37,0,0
2,0,0,169,22,33,21,0,0
2,0,0,176,52,13,53,0,0
3,0,0,165,36,27,36,0,0
3,0,0,169,21,35,21,0,0
3,0,0,176,51,17,52,0,0
4,0,0,165,34,30,36,0,0
4,0,0,169,21,35,21,0,0
4,0,0,176,52,14,52,0,0
5,0,0,165,34,30,36,0,0
5,0,0,169,21,35,21,0,0
5,0,0,176,50,32,52,0,0
6,0,0,165,33,31,36,0,0
6,0,0,169,20,36,21,0,0
6,0,0,176,51,13,52,0,0
7,0,0,165,33,31,36,0,0
7,0,0,169,19,36,20,0,0
7,0,0,176,50,16,52,0,0
8,0,0,165,35,31,35,0,0
8,0,0,169,19,37,20,0,0
8,0,0,176,50,16,51,0,0
9,0,0,165,31,34,34,0,0
9,0,0,169,18,35,19,0,0
9,0,0,176,49,16,50,0,0
10,0,0,165,27,38,32,4,0
10,0,0,169,15,27,17,5,0
11,0,0,165,24,35,28,11,0
11,0,0,169,11,26,14,11,0
12,0,0,165,19,39,24,16,0
12,0,0,169,6,34,10,15,0
12,0,0,178,38,18,41,4,2
13,0,0,165,14,51,20,20,0
13,0,0,169,2,48,6,18,0
13,0,0,179,35,20,37,8,2
14,0,0,165,15,42,20,14,0
14,0,0,169,2,41,6,14,0
14,0,0,179,32,25,36,3,0
15,0,0,165,17,30,21,10,0
15,0,0,169,4,24,7,10,0
15,0,0,179,32,25,36,3,1
16,0,0,-1,0,0,0,0,0
17,0,0,182,12,36,15,2,2
17,0,0,183,24,33,31,1,2
17,0,0,184,41,36,48,0,2
18,0,0,182,12,34,15,0,0
18,0,0,183,24,31,31,0,0
18,0,0,184,41,34,48,0,0
18,0,0,185,73,18,72,6,2
19,0,0,182,11,34,15,0,0
19,0,0,183,24,31,30,0,0
19,0,0,184,42,34,47,0,0
19,0,0,185,73,17,74,6,0
20,0,0,182,14,33,16,0,0
20,0,0,183,26,31,31,0,0
20,0,0,184,43,34,48,0,0
21,0,0,182,14,35,16,0,0
21,0,0,183,27,31,32,0,0
21,0,0,184,44,34,49,0,0
22,0,0,182,15,35,16,0,0
22,0,0,183,28,31,32,0,0
22,0,0,184,45,32,48,0,0
23,0,0,182,17,35,17,0,0
23,0,0,183,30,32,33,0,0
23,0,0,184,46,30,48,0,1
24,0,0,182,20,35,19,24,0
24,0,0,183,34,35,36,2,0
25,0,0,182,23,39,24,5,0
25,0,0,183,38,36,40,3,0
26,0,0,182,24,42,27,4,0
26,0,0,183,39,36,43,3,0
26,0,0,186,55,42,60,0,2
27,0,0,182,24,42,26,4,0
27,0,0,183,39,35,44,3,0
27,0,0,186,56,33,60,0,0
28,0,0,182,24,41,27,4,0
28,0,0,183,38,38,43,3,0
28,0,0,186,55,41,60,0,0
29,0,0,182,24,41,28,5,0
29,0,0,183,38,38,43,2,0
29,0,0,186,55,41,60,0,0
30,0,0,182,24,41,28,5,0
30,0,0,183,38,38,43,2,0
30,0,0,186,55,34,60,0,0
31,0,0,182,23,42,26,3,0
31,0,0,183,39,35,44,3,0
31,0,0,186,55,41,60,0,0
32,0,0,182,23,42,28,3,0
32,0,0,183,37,38,45,3,0
32,0,0,186,55,41,60,0,0
33,0,0,182,23,42,25,3,0
33,0,0,183,37,38,44,4,0
33,0,0,186,54,41,60,0,0
34,0,0,182,23,42,26,4,0
34,0,0,183,37,38,43,2,0
34,0,0,186,54,41,60,0,0
35,0,0,182,23,42,25,3,0
35,0,0,183,37,38,44,4,0
35,0,0,186,55,34,59,0,0
36,0,0,182,25,41,26,4,0
36,0,0,183,37,39,43,3,0
36,0,0,186,55,33,59,0,0
37,0,0,182,23,42,25,4,0
37,0,0,183,39,38,43,3,0
37,0,0,186,55,34,59,0,0
38,-0.02,0,182,23,42,26,4,0
38,-0.02,0,183,37,39,43,3,0
38,-0.02,0,186,54,42,60,0,0
39,-0.04,0,182,23,42,26,4,0
39,-0.04,0,183,37,39,44,4,0
39,-0.04,0,186,54,42,59,0,0
40,-0.06,0,182,23,42,26,4,0
40,-0.06,0,183,38,37,42,4,0
40,-0.06,0,186,54,36,59,0,0
41,-0.08,0,182,23,42,26,4,0
41,-0.08,0,183,38,37,44,4,0
41,-0.08,0,186,55,33,59,0,0
42,-0.1,0,182,25,41,26,4,0
42,-0.1,0,183,38,37,43,3,0
42,-0.1,0,186,54,41,59,0,0
43,-0.12000000000000001,0,182,25,41,25,4,0
43,-0.12000000000000001,0,183,37,39,43,3,0
43,-0.12000000000000001,0,186,54,36,59,0,0
44,-0.14,0,182,25,41,26,4,0
44,-0.14,0,183,39,35,44,4,0
44,-0.14,0,186,54,41,59,0,0
45,-0.16,0,182,25,41,25,4,0
45,-0.16,0,183,37,39,44,4,0
45,-0.16,0,186,54,37,59,0,0
46,-0.18,0,182,25,41,25,4,0
46,-0.18,0,183,37,38,44,4,0
46,-0.18,0,186,55,35,59,0,0
47,-0.19999999999999998,0,182,25,41,26,4,0
47,-0.19999999999999998,0,183,37,38,44,4,0
47,-0.19999999999999998,0,186,54,37,59,0,0
48,-0.21999999999999997,0,182,25,41,26,4,0
48,-0.21999999999999997,0,183,37,39,44,4,0
48,-0.21999999999999997,0,186,54,37,59,0,0
49,-0.23999999999999996,0,182,25,41,26,4,0
49,-0.23999999999999996,0,183,37,39,43,3,0
49,-0.23999999999999996,0,186,54,41,59,0,0
50,-0.25999999999999995,0,182,25,41,26,4,0
50,-0.25999999999999995,0,183,37,39,44,4,0
50,-0.25999999999999995,0,186,54,37,59,0,0
51,-0.27999999999999997,0,182,23,42,25,4,0
51,-0.27999999999999997,0,183,37,39,42,3,0
51,-0.27999999999999997,0,186,54,41,59,0,0
52,-0.3,0,182,23,42,26,4,0
52,-0.3,0,183,37,39,42,3,0
52,-0.3,0,186,54,41,59,0,0
53,-0.32,0,182,25,41,26,4,0
53,-0.32,0,183,37,39,44,4,0
53,-0.32,0,186,54,36,59,0,0
54,-0.34,0,182,23,42,25,4,0
54,-0.34,0,183,37,39,44,4,0
54,-0.34,0,186,54,41,59,0,0
55,-0.36000000000000004,0,182,23,42,26,4,0
55,-0.36000000000000004,0,183,37,39,44,4,0
55,-0.36000000000000004,0,186,54,41,59,0,0
56,-0.38000000000000006,0,182,23,42,25,4,0
56,-0.38000000000000006,0,183,38,37,43,3,0
56,-0.38000000000000006,0,186,54,41,59,0,0
57,-0.4000000000000001,0,182,25,41,25,4,0
57,-0.4000000000000001,0,183,37,39,43,3,0
57,-0.4000000000000001,0,186,54,41,59,0,0
58,-0.4200000000000001,0,182,25,41,25,4,0
58,-0.4200000000000001,0,183,37,39,43,3,0
58,-0.4200000000000001,0,186,54,41,59,0,0
59,-0.4400000000000001,0,182,23,42,25,4,0
59,-0.4400000000000001,0,183,37,39,44,4,0
59,-0.4400000000000001,0,186,54,41,59,0,0
60,-0.46000000000000013,0,182,23,42,26,4,0
60,-0.46000000000000013,0,183,37,39,44,4,0
60,-0.46000000000000013,0,186,54,41,59,0,0
61,-0.48000000000000015,0,182,23,42,25,4,0
61,-0.48000000000000015,0,183,39,35,42,3,0
61,-0.48000000000000015,0,186,54,41,59,0,0
62,-0.5,0,182,23,42,26,4,0
62,-0.5,0,183,38,37,44,4,0
62,-0.5,0,186,55,32,59,0,0
63,-0.5,0,182,23,42,26,4,0
63,-0.5,0,183,39,35,42,3,0
63,-0.5,0,186,54,41,59,0,0
64,-0.5,0,182,23,42,26,4,0
64,-0.5,0,183,39,35,42,3,0
64,-0.5,0,186,54,41,59,0,0
65,-0.5,0,182,23,42,26,4,0
65,-0.5,0,183,37,38,44,4,0
65,-0.5,0,186,54,41,59,0,0
66,-0.5,0,182,23,42,25,4,0
66,-0.5,0,183,37,38,44,4,0
66,-0.5,0,186,54,41,59,0,0
67,-0.5,0,182,23,42,26,4,0
67,-0.5,0,183,37,38,44,4,0
67,-0.5,0,186,54,41,59,0,0
68,-0.5,0,182,23,42,26,4,0
68,-0.5,0,183,39,35,42,3,0
68,-0.5,0,186,55,33,59,0,0
69,-0.5,0,182,23,42,26,4,0
69,-0.5,0,183,37,39,43,3,0
69,-0.5,0,186,54,41,59,0,0
70,-0.5,0,182,23,42,26,4,0
70,-0.5,0,183,37,39,43,3,0
70,-0.5,0,186,54,41,59,0,0
71,-0.5,0,182,23,42,25,4,0
71,-0.5,0,183,37,39,44,4,0
71,-0.5,0,186,54,41,59,0,0
72,-0.5,0,182,25,41,25,4,0
72,-0.5,0,183,38,37,43,3,0
72,-0.5,0,186,54,41,59,0,0
73,-0.5,0,182,25,41,26,4,0
73,-0.5,0,183,38,37,43,4,0
73,-0.5,0,186,54,41,59,0,0
74,-0.5,0,182,23,42,26,4,0
74,-0.5,0,183,38,37,43,3,0
74,-0.5,0,186,53,42,59,0,0
75,-0.5,0,182,23,42,26,4,0
75,-0.5,0,183,38,37,42,4,0
75,-0.5,0,186,54,42,59,0,0
76,-0.5,0,182,23,42,26,5,0
76,-0.5,0,183,38,36,44,4,0
76,-0.5,0,186,54,42,59,0,0
77,-0.5,0,182,23,42,25,4,0
77,-0.5,0,183,38,36,44,4,0
77,-0.5,0,186,53,42,59,0,0
78,-0.5,0,182,23,42,25,4,0
78,-0.5,0,183,38,36,43,4,0
78,-0.5,0,186,54,42,59,0,0
79,-0.5,0,182,23,42,25,4,0
79,-0.5,0,183,38,36,43,4,0
79,-0.5,0,186,54,42,59,0,0
80,-0.5,0,182,23,42,26,5,0
80,-0.5,0,183,37,39,43,4,0
80,-0.5,0,186,53,42,59,0,0
81,-0.5,0,182,23,42,26,5,0
81,-0.5,0,183,37,39,43,4,0
81,-0.5,0,186,54,42,59,0,0
82,-0.5,0,182,23,42,26,5,0
82,-0.5,0,183,38,36,42,4,0
82,-0.5,0,186,53,42,59,0,0
83,-0.5,0,182,23,43,26,5,0
83,-0.5,0,183,37,39,43,4,0
83,-0.5,0,186,54,42,59,0,0
84,-0.5,0,182,22,43,26,5,0
84,-0.5,0,183,37,39,43,4,0
84,-0.5,0,186,53,42,59,0,0
85,-0.5,0,182,23,42,26,5,0
85,-0.5,0,183,38,36,44,5,0
85,-0.5,0,186,53,42,59,0,0
86,-0.5,0,182,23,42,25,5,0
86,-0.5,0,183,37,40,44,5,0
86,-0.5,0,186,53,42,59,0,0
87,-0.5,0,182,23,43,25,5,0
87,-0.5,0,183,37,40,43,4,0
87,-0.5,0,186,53,42,59,0,0
88,-0.5,0,182,23,43,26,5,0
88,-0.5,0,183,37,40,44,5,0
88,-0.5,0,186,54,43,60,0,0
89,-0.5,0,182,23,43,26,5,0
89,-0.5,0,183,37,39,43,4,0
89,-0.5,0,186,54,43,60,0,0
90,-0.5,0,182,23,43,26,5,0
90,-0.5,0,183,36,40,42,5,0
90,-0.5,0,186,53,39,59,0,0
91,-0.45,0,182,23,43,26,5,0
91,-0.45,0,183,37,40,42,5,0
91,-0.45,0,186,53,40,60,0,0
92,-0.405,0,182,23,43,26,5,0
92,-0.405,0,183,37,40,43,4,0
92,-0.405,0,186,53,43,60,0,0
93,-0.36450000000000005,0,182,23,43,26,5,0
93,-0.36450000000000005,0,183,36,40,44,5,0
93,-0.36450000000000005,0,186,53,43,60,0,0
94,-0.32805000000000006,0,182,23,43,26,5,0
94,-0.32805000000000006,0,183,36,40,42,5,0
94,-0.32805000000000006,0,186,53,42,59,0,0
95,-0.2952450000000001,0,182,23,43,26,5,0
95,-0.2952450000000001,0,183,37,39,43,4,0
95,-0.2952450000000001,0,186,53,43,60,0,0
96,-0.2657205000000001,0,182,23,43,26,5,0
96,-0.2657205000000001,0,183,37,39,43,4,0
96,-0.2657205000000001,0,186,53,43,60,0,0
97,-0.23914845000000007,0,182,23,43,26,5,0
97,-0.23914845000000007,0,183,36,40,44,5,0
97,-0.23914845000000007,0,186,53,39,59,0,0
98,-0.21523360500000008,0,182,23,43,25,5,0
98,-0.21523360500000008,0,183,36,40,42,5,0
98,-0.21523360500000008,0,186,53,42,60,0,0
99,-0.19371024450000007,0,182,23,43,26,5,0
99,-0.19371024450000007,0,183,37,39,43,4,0
99,-0.19371024450000007,0,186,54,43,60,0,0
100,-0.17433922005000008,0,182,23,43,26,5,0
100,-0.17433922005000008,0,183,36,40,44,5,0
100,-0.17433922005000008,0,186,53,38,59,0,0
101,-0.1543392200500001,0,182,23,43,25,5,0
101,-0.1543392200500001,0,183,37,39,43,4,0
101,-0.1543392200500001,0,186,53,43,59,0,0
102,-0.1343392200500001,0,182,23,43,26,5,0
102,-0.1343392200500001,0,183,37,39,43,5,0
102,-0.1343392200500001,0,186,54,43,60,0,0
103,-0.11433922005000009,0,182,23,43,25,5,0
103,-0.11433922005000009,0,183,36,40,44,5,0
103,-0.11433922005000009,0,186,54,43,60,0,0
104,-0.09433922005000009,0,182,23,43,25,5,0
104,-0.09433922005000009,0,183,36,40,44,5,0
104,-0.09433922005000009,0,186,53,39,59,0,0
105,-0.07433922005000008,0,182,23,43,26,5,0
105,-0.07433922005000008,0,183,37,40,44,5,0
105,-0.07433922005000008,0,186,52,43,60,0,0
106,-0.05433922005000008,0,182,23,43,26,5,0
106,-0.05433922005000008,0,183,37,40,43,4,0
106,-0.05433922005000008,0,186,53,42,60,0,0
107,-0.03433922005000008,0,182,23,43,25,5,0
107,-0.03433922005000008,0,183,37,40,43,4,0
107,-0.03433922005000008,0,186,56,23,59,0,0
108,-0.014339220050000077,0,182,23,42,26,5,0
108,-0.014339220050000077,0,183,37,40,44,5,0
108,-0.014339220050000077,0,186,53,42,60,0,0
109,0.005660779949999924,0,182,23,43,26,5,0
109,0.005660779949999924,0,183,37,40,43,4,0
109,0.005660779949999924,0,186,54,33,60,0,0
110,0.025660779949999924,0,182,22,43,25,5,0
110,0.025660779949999924,0,183,37,40,43,4,0
110,0.025660779949999924,0,186,53,39,60,0,0
111,0.045660779949999925,0,182,23,43,26,5,0
111,0.045660779949999925,0,183,37,40,44,5,0
111,0.045660779949999925,0,186,53,39,60,0,0
112,0.06566077994999993,0,182,23,42,26,5,0
112,0.06566077994999993,0,183,37,40,44,5,0
112,0.06566077994999993,0,186,54,43,60,0,0
113,0.08566077994999993,0,182,23,42,26,5,0
113,0.08566077994999993,0,183,37,40,44,5,0
113,0.08566077994999993,0,186,54,43,60,0,0
114,0.10566077994999994,0,182,23,43,25,5,0
114,0.10566077994999994,0,183,37,40,44,5,0
114,0.10566077994999994,0,186,54,43,60,0,0
115,0.12566077994999994,0,182,23,43,26,5,0
115,0.12566077994999994,0,183,37,40,44,5,0
115,0.12566077994999994,0,186,54,43,60,0,0
116,0.14566077994999993,0,182,23,43,25,5,0
116,0.14566077994999993,0,183,37,40,43,4,0
116,0.14566077994999993,0,186,53,40,60,0,0
117,0.16566077994999992,0,182,23,43,26,5,0
117,0.16566077994999992,0,183,37,40,44,5,0
117,0.16566077994999992,0,186,54,43,60,0,0
118,0.1856607799499999,0,182,23,42,25,5,0
118,0.1856607799499999,0,183,37,40,44,5,0
118,0.1856607799499999,0,186,54,43,60,0,0
119,0.2056607799499999,0,182,23,42,25,5,0
119,0.2056607799499999,0,183,37,40,44,5,0
119,0.2056607799499999,0,186,53,42,60,0,0
120,0.2256607799499999,0,182,22,43,25,5,0
120,0.2256607799499999,0,183,37,40,44,5,0
120,0.2256607799499999,0,186,54,43,60,0,0
121,0.24566077994999988,0,182,23,43,25,5,0
121,0.24566077994999988,0,183,37,40,44,5,0
121,0.24566077994999988,0,186,54,43,60,0,0
122,0.26566077994999987,0,182,23,43,25,5,0
122,0.26566077994999987,0,183,38,36,43,4,0
122,0.26566077994999987,0,186,54,43,60,0,0
123,0.2856607799499999,0,182,23,43,25,5,0
123,0.2856607799499999,0,183,37,40,43,4,0
123,0.2856607799499999,0,186,53,40,60,0,0
124,0.3056607799499999,0,182,23,43,26,5,0
124,0.3056607799499999,0,183,37,40,44,5,0
124,0.3056607799499999,0,186,54,43,60,0,0
125,0.3256607799499999,0,182,23,43,25,5,0
125,0.3256607799499999,0,183,37,40,44,5,0
125,0.3256607799499999,0,186,54,43,60,0,0
126,0.34566077994999994,0,182,23,42,26,5,0
126,0.34566077994999994,0,183,38,36,42,5,0
126,0.34566077994999994,0,186,54,43,60,0,0
127,0.36566077994999996,0,182,23,43,25,5,0
127,0.36566077994999996,0,183,37,40,44,5,0
127,0.36566077994999996,0,186,54,43,60,0,0
128,0.38566077995,0,182,23,43,25,5,0
128,0.38566077995,0,183,37,40,44,5,0
128,0.38566077995,0,186,54,43,60,0,0
129,0.40566077995,0,182,23,43,25,5,0
129,0.40566077995,0,183,37,40,43,4,0
129,0.40566077995,0,186,52,43,60,0,0
130,0.42566077995,0,182,23,42,25,5,0
130,0.42566077995,0,183,37,40,43,4,0
130,0.42566077995,0,186,54,43,60,0,0
131,0.44566077995000003,0,182,23,42,25,5,0
131,0.44566077995000003,0,183,38,36,44,5,0
131,0.44566077995000003,0,186,54,43,60,0,0
132,0.46566077995000005,0,182,23,43,25,5,0
132,0.46566077995000005,0,183,38,37,43,4,0
132,0.46566077995000005,0,186,55,43,60,0,0
133,0.48566077995000007,0,182,23,43,26,5,0
133,0.48566077995000007,0,183,38,36,43,4,0
133,0.48566077995000007,0,186,56,23,60,0,0
134,0.5,0,182,23,43,26,5,0
134,0.5,0,183,37,40,44,5,0
134,0.5,0,186,53,42,60,0,0
135,0.5,0,182,23,43,25,5,0
135,0.5,0,183,38,37,43,4,0
135,0.5,0,186,55,43,60,0,0
136,0.5,0,182,23,42,25,5,0
136,0.5,0,183,37,40,43,4,0
136,0.5,0,186,53,43,60,0,0
137,0.5,0,182,23,42,26,5,0
137,0.5,0,183,37,40,43,4,0
137,0.5,0,186,53,42,59,0,0
138,0.45,0,182,23,42,25,5,0
138,0.45,0,183,37,40,43,4,0
138,0.45,0,186,55,43,60,0,0
139,0.405,0,182,23,43,27,5,0
139,0.405,0,183,37,39,43,4,0
139,0.405,0,186,54,43,60,0,0
140,0.36450000000000005,0,182,23,43,26,5,0
140,0.36450000000000005,0,183,37,40,43,4,0
140,0.36450000000000005,0,186,54,43,60,0,0
141,0.32805000000000006,0,182,23,43,26,5,0
141,0.32805000000000006,0,183,37,40,43,4,0
141,0.32805000000000006,0,186,53,42,60,0,0
142,0.2952450000000001,0,182,23,42,26,5,0
142,0.2952450000000001,0,183,37,40,43,4,0
142,0.2952450000000001,0,186,54,43,60,0,0
143,0.2657205000000001,0,182,23,43,26,5,0
143,0.2657205000000001,0,183,37,40,43,4,0
143,0.2657205000000001,0,186,54,43,60,0,0
144,0.23914845000000007,0,182,23,43,25,5,0
144,0.23914845000000007,0,183,37,40,43,4,0
144,0.23914845000000007,0,186,55,43,60,0,0
145,0.21523360500000008,0,182,23,43,27,5,0
145,0.21523360500000008,0,183,38,37,43,4,0
145,0.21523360500000008,0,186,54,43,60,0,0
146,0.19371024450000007,0,182,23,43,27,5,0
146,0.19371024450000007,0,183,38,37,43,4,0
146,0.19371024450000007,0,186,53,42,60,0,0
147,0.21371024450000006,0,182,23,43,27,5,0
147,0.21371024450000006,0,183,38,37,43,4,0
147,0.21371024450000006,0,186,55,43,60,0,0
148,0.23371024450000005,0,182,23,42,26,5,0
148,0.23371024450000005,0,183,37,39,43,4,0
148,0.23371024450000005,0,186,53,42,60,0,0
149,0.21033922005000005,0,182,23,43,27,5,0
149,0.21033922005000005,0,183,38,37,43,4,0
149,0.21033922005000005,0,186,55,43,60,0,0
150,0.18930529804500004,0,182,23,43,27,5,0
150,0.18930529804500004,0,183,38,37,43,4,0
150,0.18930529804500004,0,186,56,26,60,0,0
151,0.17037476824050005,0,182,23,43,26,5,0
151,0.17037476824050005,0,183,38,37,44,6,0
151,0.17037476824050005,0,186,54,42,60,0,0
152,0.19037476824050004,0,182,23,43,28,5,0
152,0.19037476824050004,0,183,38,37,43,4,0
152,0.19037476824050004,0,186,54,42,60,0,0
153,0.21037476824050003,0,182,23,43,27,5,0
153,0.21037476824050003,0,183,38,37,43,4,0
153,0.21037476824050003,0,186,54,42,60,0,0
154,0.18933729141645003,0,182,23,42,27,5,0
154,0.18933729141645003,0,183,39,38,43,4,0
154,0.18933729141645003,0,186,54,42,60,0,0
155,0.17040356227480502,0,182,23,42,26,5,0
155,0.17040356227480502,0,183,39,38,43,4,0
155,0.17040356227480502,0,186,54,42,60,0,0
156,0.15336320604732454,0,182,23,42,26,5,0
156,0.15336320604732454,0,183,38,37,43,4,0
156,0.15336320604732454,0,186,54,42,60,0,0
157,0.17336320604732453,0,182,23,42,27,5,0
157,0.17336320604732453,0,183,38,37,43,4,0
157,0.17336320604732453,0,186,56,28,60,0,0
158,0.19336320604732452,0,182,23,42,27,5,0
158,0.19336320604732452,0,183,38,37,43,4,0
158,0.19336320604732452,0,186,54,42,60,0,0
159,0.17402688544259207,0,182,23,42,26,5,0
159,0.17402688544259207,0,183,39,38,43,4,0
159,0.17402688544259207,0,186,54,42,60,0,0
160,0.15662419689833287,0,182,23,42,26,5,0
160,0.15662419689833287,0,183,38,37,43,4,0
160,0.15662419689833287,0,186,54,42,60,0,0
161,0.1409617772084996,0,182,23,42,26,5,0
161,0.1409617772084996,0,183,38,37,43,4,0
161,0.1409617772084996,0,186,54,42,60,0,0
162,0.16096177720849958,0,182,23,42,27,5,0
162,0.16096177720849958,0,183,39,38,43,4,0
162,0.16096177720849958,0,186,54,42,60,0,0
163,0.18096177720849957,0,182,23,42,27,5,0
163,0.18096177720849957,0,183,39,38,43,4,0
163,0.18096177720849957,0,186,54,42,60,0,0
164,0.16286559948764961,0,182,23,42,26,5,0
164,0.16286559948764961,0,183,38,37,43,4,0
164,0.16286559948764961,0,186,54,42,60,0,0
165,0.14657903953888465,0,182,23,42,27,5,0
165,0.14657903953888465,0,183,39,38,43,4,0
165,0.14657903953888465,0,186,54,42,60,0,0
166,0.13192113558499619,0,182,23,42,26,5,0
166,0.13192113558499619,0,183,39,38,43,4,0
166,0.13192113558499619,0,186,54,42,60,0,0
167,0.15192113558499618,0,182,23,42,26,5,0
167,0.15192113558499618,0,183,39,38,43,4,0
167,0.15192113558499618,0,186,54,42,60,0,0
168,0.17192113558499617,0,182,23,42,27,5,0
168,0.17192113558499617,0,183,38,37,43,4,0
168,0.17192113558499617,0,186,54,42,60,0,0
169,0.15472902202649655,0,182,23,42,26,5,0
169,0.15472902202649655,0,183,38,37,43,4,0
169,0.15472902202649655,0,186,54,42,60,0,0
170,0.1392561198238469,0,182,23,42,27,5,0
170,0.1392561198238469,0,183,38,37,43,4,0
170,0.1392561198238469,0,186,54,42,60,0,0
171,0.1253305078414622,0,182,23,42,26,5,0
171,0.1253305078414622,0,183,38,38,43,4,0
171,0.1253305078414622,0,186,54,42,60,0,0
172,0.1453305078414622,0,182,23,42,27,5,0
172,0.1453305078414622,0,183,39,38,43,4,0
172,0.1453305078414622,0,186,54,42,60,0,0
173,0.1653305078414622,0,182,23,42,27,5,0
173,0.1653305078414622,0,183,39,38,43,4,0
173,0.1653305078414622,0,186,54,42,60,0,0
174,0.14879745705731598,0,182,23,42,27,5,0
174,0.14879745705731598,0,183,39,38,43,4,0
174,0.14879745705731598,0,186,54,42,60,0,0
175,0.1339177113515844,0,182,23,42,27,5,0
175,0.1339177113515844,0,183,39,38,43,4,0
175,0.1339177113515844,0,186,54,42,60,0,0
176,0.12052594021642596,0,182,23,42,27,5,0
176,0.12052594021642596,0,183,39,38,43,4,0
176,0.12052594021642596,0,186,54,42,60,0,0
177,0.14052594021642595,0,182,23,42,27,5,0
177,0.14052594021642595,0,183,39,38,43,4,0
177,0.14052594021642595,0,186,54,42,60,0,0
178,0.16052594021642594,0,182,23,42,27,5,0
178,0.16052594021642594,0,183,38,37,43,4,0
178,0.16052594021642594,0,186,54,42,60,0,0
179,0.14447334619478336,0,182,23,42,27,5,0
179,0.14447334619478336,0,183,39,38,43,4,0
179,0.14447334619478336,0,186,54,42,60,0,0
180,0.13002601157530502,0,182,23,42,27,5,0
180,0.13002601157530502,0,183,39,38,43,4,0
180,0.13002601157530502,0,186,54,42,60,0,0
181,0.11702341041777452,0,182,23,42,27,5,0
181,0.11702341041777452,0,183,39,38,43,4,0
181,0.11702341041777452,0,186,54,42,60,0,0
182,0.10532106937599707,0,182,23,42,27,5,0
182,0.10532106937599707,0,183,39,38,43,4,0
182,0.10532106937599707,0,186,54,42,60,0,0
183,0.12532106937599707,0,182,23,42,27,5,0
183,0.12532106937599707,0,183,39,38,43,4,0
183,0.12532106937599707,0,186,54,42,60,0,0
184,0.14532106937599706,0,182,23,42,27,5,0
184,0.14532106937599706,0,183,39,38,43,4,0
184,0.14532106937599706,0,186,54,42,60,0,0
185,0.13078896243839735,0,182,23,42,27,5,0
185,0.13078896243839735,0,183,39,38,43,4,0
185,0.13078896243839735,0,186,54,42,60,0,0
186,0.11771006619455762,0,182,23,42,27,5,0
186,0.11771006619455762,0,183,39,38,43,4,0
186,0.11771006619455762,0,186,57,24,60,0,0
186,0.11771006619455762,0,188,54,42,56,30,2
187,0.10593905957510186,0,182,23,42,27,5,0
187,0.10593905957510186,0,183,39,38,43,4,0
187,0.10593905957510186,0,186,54,42,60,0,0
188,0.12593905957510185,0,182,23,42,27,5,0
188,0.12593905957510185,0,183,38,37,43,4,0
188,0.12593905957510185,0,186,54,42,60,0,0
189,0.14593905957510184,0,182,23,42,27,5,0
189,0.14593905957510184,0,183,39,38,43,4,0
189,0.14593905957510184,0,186,54,42,60,0,0
190,0.16593905957510183,0,182,23,42,27,5,0
190,0.16593905957510183,0,183,39,38,43,4,0
190,0.16593905957510183,0,186,54,42,60,0,0
191,0.14934515361759165,0,182,23,42,27,5,0
191,0.14934515361759165,0,183,39,38,43,4,0
191,0.14934515361759165,0,186,54,42,60,0,0
192,0.1344106382558325,0,182,24,40,27,5,0
192,0.1344106382558325,0,183,39,38,43,4,0
192,0.1344106382558325,0,186,54,42,60,0,0
193,0.12096957443024925,0,182,23,42,27,5,0
193,0.12096957443024925,0,183,38,37,43,4,0
193,0.12096957443024925,0,186,54,42,60,0,0
194,0.14096957443024924,0,182,23,42,27,5,0
194,0.14096957443024924,0,183,38,37,43,4,0
194,0.14096957443024924,0,186,54,42,60,0,0
195,0.16096957443024923,0,182,23,42,27,5,0
195,0.16096957443024923,0,183,38,37,43,4,0
195,0.16096957443024923,0,186,54,42,60,0,0
196,0.18096957443024922,0,182,23,42,26,4,0
196,0.18096957443024922,0,183,38,37,44,5,0
196,0.18096957443024922,0,186,54,42,60,0,0
197,0.1628726169872243,0,182,23,42,27,5,0
197,0.1628726169872243,0,183,38,37,43,4,0
197,0.1628726169872243,0,186,54,42,60,0,0
198,0.14658535528850186,0,182,24,40,27,5,0
198,0.14658535528850186,0,183,38,37,43,4,0
198,0.14658535528850186,0,186,53,42,60,0,0
199,0.13192681975965168,0,182,23,42,27,5,0
199,0.13192681975965168,0,183,38,37,43,4,0
199,0.13192681975965168,0,186,54,42,60,0,0
200,0.15192681975965167,0,182,23,42,27,5,0
200,0.15192681975965167,0,183,38,37,43,4,0
200,0.15192681975965167,0,186,53,42,60,0,0
201,0.17192681975965166,0,182,23,42,27,5,0
201,0.17192681975965166,0,183,38,37,44,5,0
201,0.17192681975965166,0,186,54,42,60,0,0
202,0.1547341377836865,0,182,23,42,27,5,0
202,0.1547341377836865,0,183,37,39,43,4,0
202,0.1547341377836865,0,186,54,42,60,0,0
203,0.13926072400531786,0,182,23,42,27,5,0
203,0.13926072400531786,0,183,38,37,43,4,0
203,0.13926072400531786,0,186,54,42,60,0,0
204,0.12533465160478607,0,182,23,42,27,5,0
204,0.12533465160478607,0,183,38,37,43,4,0
204,0.12533465160478607,0,186,54,42,60,0,0
205,0.14533465160478606,0,182,23,42,27,5,0
205,0.14533465160478606,0,183,38,37,43,4,0
205,0.14533465160478606,0,186,54,42,60,0,0
206,0.16533465160478605,0,182,23,42,27,5,0
206,0.16533465160478605,0,183,39,37,43,4,0
206,0.16533465160478605,0,186,54,42,60,0,0
207,0.14880118644430745,0,182,24,40,27,5,0
207,0.14880118644430745,0,183,38,37,43,4,0
207,0.14880118644430745,0,186,54,42,60,0,0
208,0.13392106779987673,0,182,23,42,27,5,0
208,0.13392106779987673,0,183,38,37,43,4,0
208,0.13392106779987673,0,186,54,42,60,0,0
209,0.12052896101988905,0,182,23,42,27,5,0
209,0.12052896101988905,0,183,39,38,44,4,0
209,0.12052896101988905,0,186,54,42,60,0,0
210,0.14052896101988904,0,182,24,40,27,5,0
210,0.14052896101988904,0,183,37,39,43,4,0
210,0.14052896101988904,0,186,54,42,60,0,0
211,0.16052896101988903,0,182,23,42,27,5,0
211,0.16052896101988903,0,183,38,37,43,4,0
211,0.16052896101988903,0,186,54,42,60,0,0
212,0.14447606491790013,0,182,23,42,27,5,0
212,0.14447606491790013,0,183,38,37,44,5,0
212,0.14447606491790013,0,186,54,42,60,0,0
213,0.13002845842611013,0,182,23,42,27,5,0
213,0.13002845842611013,0,183,39,38,43,4,0
213,0.13002845842611013,0,186,54,42,60,0,0
214,0.11702561258349913,0,182,23,42,27,5,0
214,0.11702561258349913,0,183,39,38,43,4,0
214,0.11702561258349913,0,186,54,42,60,0,0
215,0.13702561258349913,0,182,23,42,27,5,0
215,0.13702561258349913,0,183,39,37,43,4,0
215,0.13702561258349913,0,186,54,36,60,0,0
216,0.15702561258349912,0,182,23,42,27,5,0
216,0.15702561258349912,0,183,39,37,43,4,0
216,0.15702561258349912,0,186,53,42,60,0,0
217,0.14132305132514922,0,182,23,42,26,4,0
217,0.14132305132514922,0,183,37,39,43,4,0
217,0.14132305132514922,0,186,54,42,60,0,0
218,0.1271907461926343,0,182,23,42,27,5,0
218,0.1271907461926343,0,183,39,37,43,4,0
218,0.1271907461926343,0,186,55,34,60,0,0
219,0.11447167157337086,0,182,23,42,27,5,0
219,0.11447167157337086,0,183,39,37,43,4,0
219,0.11447167157337086,0,186,54,42,60,0,0
220,0.13447167157337087,0,182,23,42,27,5,0
220,0.13447167157337087,0,183,39,37,43,4,0
220,0.13447167157337087,0,186,54,42,60,0,0
221,0.15447167157337086,0,182,23,42,27,5,0
221,0.15447167157337086,0,183,39,37,43,4,0
221,0.15447167157337086,0,186,54,42,60,0,0
222,0.13902450441603378,0,182,23,42,27,5,0
222,0.13902450441603378,0,183,38,37,43,4,0
222,0.13902450441603378,0,186,54,42,60,0,0
223,0.1251220539744304,0,182,23,42,27,5,0
223,0.1251220539744304,0,183,38,37,43,4,0
223,0.1251220539744304,0,186,54,34,60,0,0
224,0.11260984857698737,0,182,23,42,27,5,0
224,0.11260984857698737,0,183,39,37,44,4,0
224,0.11260984857698737,0,186,54,42,60,0,0
225,0.13260984857698738,0,182,23,42,27,5,0
225,0.13260984857698738,0,183,37,39,43,4,0
225,0.13260984857698738,0,186,54,42,60,0,0
226,0.15260984857698737,0,182,23,42,27,5,0
226,0.15260984857698737,0,183,37,39,43,4,0
226,0.15260984857698737,0,186,54,36,60,0,0
227,0.17260984857698736,0,182,23,42,26,4,0
227,0.17260984857698736,0,183,39,37,43,4,0
227,0.17260984857698736,0,186,53,42,60,0,0
228,0.15534886371928863,0,182,23,42,27,5,0
228,0.15534886371928863,0,183,37,39,43,4,0
228,0.15534886371928863,0,186,54,42,60,0,0
229,0.13981397734735979,0,182,23,42,27,5,0
229,0.13981397734735979,0,183,39,38,43,4,0
229,0.13981397734735979,0,186,54,42,60,0,0
230,0.1258325796126238,0,182,23,42,27,5,0
230,0.1258325796126238,0,183,39,37,43,4,0
230,0.1258325796126238,0,186,53,42,60,0,0
231,0.1458325796126238,0,182,23,43,26,4,0
231,0.1458325796126238,0,183,39,37,43,4,0
231,0.1458325796126238,0,186,54,36,60,0,0
232,0.1658325796126238,0,182,23,42,27,5,0
232,0.1658325796126238,0,183,37,39,43,4,0
232,0.1658325796126238,0,186,54,42,60,0,0
233,0.14924932165136143,0,182,23,42,27,5,0
233,0.14924932165136143,0,183,39,37,43,4,0
233,0.14924932165136143,0,186,54,42,60,0,0
234,0.1343243894862253,0,182,23,42,27,5,0
234,0.1343243894862253,0,183,39,37,43,4,0
234,0.1343243894862253,0,186,53,42,60,0,0
235,0.12089195053760277,0,182,24,40,27,5,0
235,0.12089195053760277,0,183,39,37,44,4,0
235,0.12089195053760277,0,186,54,42,60,0,0
236,0.14089195053760276,0,182,23,42,27,5,0
236,0.14089195053760276,0,183,37,39,43,4,0
236,0.14089195053760276,0,186,55,33,60,0,0
237,0.16089195053760275,0,182,23,42,26,4,0
237,0.16089195053760275,0,183,38,37,43,4,0
237,0.16089195053760275,0,186,54,42,60,0,0
238,0.14480275548384247,0,182,25,40,26,4,0
238,0.14480275548384247,0,183,37,39,43,4,0
238,0.14480275548384247,0,186,54,42,60,0,0
239,0.13032247993545823,0,182,23,42,26,4,0
239,0.13032247993545823,0,183,37,39,43,4,0
239,0.13032247993545823,0,186,54,42,60,0,0
240,0.1172902319419124,0,182,24,40,27,5,0
240,0.1172902319419124,0,183,38,37,43,4,0
240,0.1172902319419124,0,186,54,42,60,0,0
241,0.1372902319419124,0,182,23,42,27,5,0
241,0.1372902319419124,0,183,37,39,43,4,0
241,0.1372902319419124,0,186,55,39,60,0,0
242,0.15729023194191238,0,182,23,42,27,5,0
242,0.15729023194191238,0,183,37,39,43,4,0
242,0.15729023194191238,0,186,54,36,60,0,0
243,0.14156120874772116,0,182,23,42,27,5,0
243,0.14156120874772116,0,183,37,39,43,4,0
243,0.14156120874772116,0,186,54,42,60,0,0
244,0.12740508787294905,0,182,24,40,27,5,0
244,0.12740508787294905,0,183,39,37,43,4,0
244,0.12740508787294905,0,186,55,33,60,0,0
245,0.11466457908565414,0,182,23,42,27,5,0
245,0.11466457908565414,0,183,37,39,43,4,0
245,0.11466457908565414,0,186,54,42,60,0,0
246,0.13466457908565413,0,182,23,42,26,4,0
246,0.13466457908565413,0,183,37,39,43,4,0
246,0.13466457908565413,0,186,53,42,60,0,0
247,0.15466457908565412,0,182,23,42,26,4,0
247,0.15466457908565412,0,183,37,39,43,4,0
247,0.15466457908565412,0,186,54,42,60,0,0
248,0.1391981211770887,0,182,23,42,27,5,0
248,0.1391981211770887,0,183,37,39,43,4,0
248,0.1391981211770887,0,186,53,42,60,0,0
249,0.12527830905937984,0,182,23,42,27,5,0
249,0.12527830905937984,0,183,37,39,44,4,0
249,0.12527830905937984,0,186,53,42,60,0,0
250,0.11275047815344186,0,182,25,40,27,5,0
250,0.11275047815344186,0,183,37,39,43,4,0
250,0.11275047815344186,0,186,54,42,60,0,0
251,0.10147543033809768,0,182,23,42,27,5,0
251,0.10147543033809768,0,183,37,39,43,4,0
251,0.10147543033809768,0,186,54,42,60,0,0
252,0.12147543033809768,0,182,23,42,26,4,0
252,0.12147543033809768,0,183,39,37,44,4,0
252,0.12147543033809768,0,186,54,42,60,0,0
253,0.14147543033809767,0,182,25,40,26,4,0
253,0.14147543033809767,0,183,37,39,43,4,0
253,0.14147543033809767,0,186,54,42,60,0,0
254,0.1273278873042879,0,182,23,42,26,4,0
254,0.1273278873042879,0,183,37,39,44,4,0
254,0.1273278873042879,0,186,54,42,60,0,0
255,0.11459509857385912,0,182,23,42,27,5,0
255,0.11459509857385912,0,183,39,37,43,4,0
255,0.11459509857385912,0,186,54,36,60,0,0
256,0.10313558871647321,0,182,23,42,27,5,0
256,0.10313558871647321,0,183,37,39,43,4,0
256,0.10313558871647321,0,186,55,33,60,0,0
257,0.12313558871647322,0,182,25,40,27,5,0
257,0.12313558871647322,0,183,37,39,43,4,0
257,0.12313558871647322,0,186,54,42,60,0,0
258,0.14313558871647322,0,182,23,42,27,5,0
258,0.14313558871647322,0,183,37,39,43,4,0
258,0.14313558871647322,0,186,55,33,60,0,0
259,0.1288220298448259,0,182,23,42,26,4,0
259,0.1288220298448259,0,183,37,39,43,4,0
259,0.1288220298448259,0,186,54,41,60,0,0
260,0.11593982686034332,0,182,25,40,27,5,0
260,0.11593982686034332,0,183,37,39,43,4,0
260,0.11593982686034332,0,186,54,42,60,0,0
261,0.10434584417430899,0,182,23,42,26,4,0
261,0.10434584417430899,0,183,37,39,43,4,0
261,0.10434584417430899,0,186,54,36,60,0,0
262,0.124345844174309,0,182,25,40,26,4,0
262,0.124345844174309,0,183,37,39,43,4,0
262,0.124345844174309,0,186,54,42,60,0,0
263,0.14434584417430898,0,182,23,42,27,5,0
263,0.14434584417430898,0,183,37,39,43,4,0
263,0.14434584417430898,0,186,54,42,60,0,0
264,0.1299112597568781,0,182,23,42,27,5,0
264,0.1299112597568781,0,183,39,37,43,4,0
264,0.1299112597568781,0,186,54,42,60,0,0
265,0.11692013378119029,0,182,25,40,27,5,0
265,0.11692013378119029,0,183,37,39,43,4,0
265,0.11692013378119029,0,186,57,26,60,0,0
266,0.10522812040307127,0,182,25,40,26,4,0
266,0.10522812040307127,0,183,37,39,44,4,0
266,0.10522812040307127,0,186,53,42,60,0,0
267,0.12522812040307127,0,182,23,42,27,5,0
267,0.12522812040307127,0,183,37,39,43,4,0
267,0.12522812040307127,0,186,54,42,60,0,0
268,0.14522812040307126,0,182,23,42,27,5,0
268,0.14522812040307126,0,183,37,39,43,4,0
268,0.14522812040307126,0,186,54,42,60,0,0
269,0.16522812040307125,0,182,25,40,26,4,0
269,0.16522812040307125,0,183,37,39,43,4,0
269,0.16522812040307125,0,186,54,42,60,0,0
270,0.18522812040307124,0,182,25,40,26,4,0
270,0.18522812040307124,0,183,37,39,43,4,0
270,0.18522812040307124,0,186,54,42,60,0,0
271,0.20522812040307123,0,182,25,40,27,5,0
271,0.20522812040307123,0,183,37,39,43,4,0
271,0.20522812040307123,0,186,54,41,60,0,0
272,0.22522812040307122,0,182,25,40,27,5,0
272,0.22522812040307122,0,183,37,39,44,4,0
272,0.22522812040307122,0,186,54,42,60,0,0
273,0.2452281204030712,0,182,25,40,27,5,0
273,0.2452281204030712,0,183,37,39,43,4,0
273,0.2452281204030712,0,186,54,37,60,0,0
274,0.2652281204030712,0,182,25,40,27,5,0
274,0.2652281204030712,0,183,37,39,43,4,0
274,0.2652281204030712,0,186,54,42,60,0,0
275,0.2852281204030712,0,182,24,42,26,4,0
275,0.2852281204030712,0,183,37,39,43,4,0
275,0.2852281204030712,0,186,54,42,60,0,0
276,0.30522812040307123,0,182,25,40,26,4,0
276,0.30522812040307123,0,183,37,39,43,4,0
276,0.30522812040307123,0,186,54,42,60,0,0
277,0.32522812040307125,0,182,25,40,26,4,0
277,0.32522812040307125,0,183,37,39,43,4,0
277,0.32522812040307125,0,186,54,37,60,0,0
278,0.34522812040307127,0,182,25,40,26,4,0
278,0.34522812040307127,0,183,37,39,43,4,0
278,0.34522812040307127,0,186,54,42,60,0,0
279,0.3652281204030713,0,182,25,40,26,4,0
279,0.3652281204030713,0,183,37,39,43,4,0
279,0.3652281204030713,0,186,54,42,60,0,0
280,0.3852281204030713,0,182,25,40,27,5,0
280,0.3852281204030713,0,183,37,39,43,4,0
280,0.3852281204030713,0,186,54,42,60,0,0
281,0.4052281204030713,0,182,25,40,26,4,0
281,0.4052281204030713,0,183,37,39,43,4,0
281,0.4052281204030713,0,186,54,42,60,0,0
282,0.42522812040307134,0,182,25,40,26,4,0
282,0.42522812040307134,0,183,37,39,43,4,0
282,0.42522812040307134,0,186,54,42,60,0,0
283,0.44522812040307136,0,182,25,40,26,4,0
283,0.44522812040307136,0,183,37,39,43,4,0
283,0.44522812040307136,0,186,54,37,60,0,0
284,0.4652281204030714,0,182,25,40,26,4,0
284,0.4652281204030714,0,183,37,39,43,4,0
284,0.4652281204030714,0,186,54,37,60,0,0
285,0.4852281204030714,0,182,25,40,27,5,0
285,0.4852281204030714,0,183,37,39,43,4,0
285,0.4852281204030714,0,186,57,26,60,0,0
285,0.4852281204030714,0,189,54,42,56,32,2
286,0.5,0,182,25,40,26,4,0
286,0.5,0,183,37,39,43,4,0
286,0.5,0,186,54,42,60,0,0
287,0.5,0,182,23,42,27,5,0
287,0.5,0,183,37,39,43,4,0
287,0.5,0,186,54,36,60,0,0
288,0.5,0,182,25,40,26,4,0
288,0.5,0,183,37,39,43,4,0
288,0.5,0,186,54,42,60,0,0
289,0.5,0,182,25,40,26,4,0
289,0.5,0,183,37,39,43,4,0
289,0.5,0,186,54,42,60,0,0
290,0.5,0,182,25,40,27,4,0
290,0.5,0,183,37,39,43,4,0
290,0.5,0,186,54,42,60,0,0
291,0.5,0,182,25,40,26,4,0
291,0.5,0,183,37,39,43,4,0
291,0.5,0,186,55,34,60,0,0
292,0.5,0,182,25,40,26,4,0
292,0.5,0,183,37,39,43,4,0
292,0.5,0,186,54,42,60,0,0
293,0.5,0,182,25,40,27,5,0
293,0.5,0,183,37,39,43,4,0
293,0.5,0,186,54,37,60,0,0
294,0.5,0,182,25,40,26,4,0
294,0.5,0,183,37,39,43,4,0
294,0.5,0,186,54,42,60,0,0
295,0.5,0,182,25,40,26,4,0
295,0.5,0,183,37,39,43,4,0
295,0.5,0,186,54,42,60,0,0
296,0.5,0,182,25,40,27,5,0
296,0.5,0,183,37,39,44,4,0
296,0.5,0,186,54,37,60,0,0
297,0.5,0,182,25,40,27,4,0
297,0.5,0,183,37,39,44,4,0
297,0.5,0,186,54,37,60,0,0
298,0.5,0,182,25,40,27,5,0
298,0.5,0,183,37,39,43,4,0
298,0.5,0,186,54,42,60,0,0
299,0.5,0,182,25,40,26,4,0
299,0.5,0,183,38,39,43,4,0
299,0.5,0,186,54,42,60,0,0
300,0.45,0,182,25,40,26,4,0
300,0.45,0,183,37,39,43,4,0
300,0.45,0,186,54,42,60,0,0
301,0.405,0,182,25,40,26,4,0
301,0.405,0,183,37,39,43,4,0
301,0.405,0,186,53,42,60,0,0
302,0.36450000000000005,0,182,25,40,27,5,0
302,0.36450000000000005,0,183,37,39,44,4,0
302,0.36450000000000005,0,186,54,38,60,0,0
303,0.32805000000000006,0,182,25,40,27,5,0
303,0.32805000000000006,0,183,37,39,43,4,0
303,0.32805000000000006,0,186,54,38,60,0,0
304,0.2952450000000001,0,182,25,40,26,4,0
304,0.2952450000000001,0,183,37,39,43,4,0
304,0.2952450000000001,0,186,54,42,60,0,0
305,0.2657205000000001,0,182,25,40,26,4,0
305,0.2657205000000001,0,183,37,39,43,4,0
305,0.2657205000000001,0,186,54,42,60,0,0
306,0.23914845000000007,0,182,25,40,26,4,0
306,0.23914845000000007,0,183,37,39,43,4,0
306,0.23914845000000007,0,186,54,42,60,0,0
307,0.21523360500000008,0,182,25,40,26,4,0
307,0.21523360500000008,0,183,37,39,43,4,0
307,0.21523360500000008,0,186,54,42,60,0,0
308,0.19371024450000007,0,182,25,40,26,4,0
308,0.19371024450000007,0,183,37,39,43,4,0
308,0.19371024450000007,0,186,55,35,60,0,0
309,0.17433922005000008,0,182,25,40,26,4,0
309,0.17433922005000008,0,183,37,39,43,4,0
309,0.17433922005000008,0,186,54,38,60,0,0
310,0.15690529804500009,0,182,25,40,26,4,0
310,0.15690529804500009,0,183,37,39,43,4,0
310,0.15690529804500009,0,186,54,37,60,0,0
311,0.14121476824050008,0,182,25,40,26,4,0
311,0.14121476824050008,0,183,37,39,43,4,0
311,0.14121476824050008,0,186,54,37,60,0,0
312,0.12709329141645007,0,182,25,40,26,4,0
312,0.12709329141645007,0,183,37,39,43,4,0
312,0.12709329141645007,0,186,54,38,60,0,0
313,0.11438396227480506,0,182,25,40,26,4,0
313,0.11438396227480506,0,183,37,39,43,4,0
313,0.11438396227480506,0,186,54,42,60,0,0
314,0.10294556604732455,0,182,25,40,26,4,0
314,0.10294556604732455,0,183,37,39,43,4,0
314,0.10294556604732455,0,186,54,42,60,0,0
315,0.0926510094425921,0,182,25,40,27,5,0
315,0.0926510094425921,0,183,37,39,43,4,0
315,0.0926510094425921,0,186,54,42,60,0,0
316,0.08338590849833288,0,182,25,40,27,5,0
316,0.08338590849833288,0,183,37,39,44,4,0
316,0.08338590849833288,0,186,54,42,60,0,0
317,0.06338590849833288,0,182,24,42,26,4,0
317,0.06338590849833288,0,183,37,39,43,4,0
317,0.06338590849833288,0,186,54,42,60,0,0
318,0.043385908498332876,0,182,25,40,26,4,0
318,0.043385908498332876,0,183,37,39,43,4,0
318,0.043385908498332876,0,186,54,42,60,0,0
319,0.023385908498332875,0,182,25,40,26,4,0
319,0.023385908498332875,0,183,37,39,43,4,0
319,0.023385908498332875,0,186,57,24,60,0,0
319,0.023385908498332875,0,190,54,42,55,32,2
320,0.003385908498332875,0,182,24,42,26,4,0
320,0.003385908498332875,0,183,37,39,43,4,0
320,0.003385908498332875,0,186,54,42,60,0,0
321,-0.016614091501667125,0,182,25,40,27,4,0
321,-0.016614091501667125,0,183,37,39,43,4,0
321,-0.016614091501667125,0,186,54,42,60,0,0
322,-0.036614091501667126,0,182,25,40,26,4,0
322,-0.036614091501667126,0,183,37,39,43,4,0
322,-0.036614091501667126,0,186,54,37,60,0,0
323,-0.05661409150166713,0,182,25,40,26,4,0
323,-0.05661409150166713,0,183,37,39,43,4,0
323,-0.05661409150166713,0,186,54,42,60,0,0
324,-0.07661409150166713,0,182,25,40,26,4,0
324,-0.07661409150166713,0,183,37,39,43,4,0
324,-0.07661409150166713,0,186,54,37,60,0,0
325,-0.09661409150166714,0,182,25,40,27,4,0
325,-0.09661409150166714,0,183,37,39,43,4,0
325,-0.09661409150166714,0,186,54,37,60,0,0
326,-0.11661409150166714,0,182,25,41,26,4,0
326,-0.11661409150166714,0,183,37,39,43,4,0
326,-0.11661409150166714,0,186,54,42,60,0,0
327,-0.13661409150166715,0,182,25,40,26,4,0
327,-0.13661409150166715,0,183,37,39,43,4,0
327,-0.13661409150166715,0,186,54,37,60,0,0
328,-0.15661409150166714,0,182,25,40,26,4,0
328,-0.15661409150166714,0,183,37,39,43,4,0
328,-0.15661409150166714,0,186,57,26,60,0,0
329,-0.17661409150166713,0,182,25,40,27,4,0
329,-0.17661409150166713,0,183,37,39,43,4,0
329,-0.17661409150166713,0,186,54,38,60,0,0
330,-0.19661409150166712,0,182,24,42,26,4,0
330,-0.19661409150166712,0,183,37,39,43,4,0
330,-0.19661409150166712,0,186,54,42,60,0,0
331,-0.2166140915016671,0,182,25,40,27,4,0
331,-0.2166140915016671,0,183,37,39,43,4,0
331,-0.2166140915016671,0,186,54,38,60,0,0
332,-0.2366140915016671,0,182,25,40,27,4,0
332,-0.2366140915016671,0,183,37,39,43,4,0
332,-0.2366140915016671,0,186,54,38,60,0,0
333,-0.2566140915016671,0,182,25,40,26,4,0
333,-0.2566140915016671,0,183,37,39,43,4,0
333,-0.2566140915016671,0,186,54,42,60,0,0
334,-0.2766140915016671,0,182,25,40,27,4,0
334,-0.2766140915016671,0,183,37,39,43,4,0
334,-0.2766140915016671,0,186,55,35,60,0,0
335,-0.2966140915016671,0,182,24,42,26,4,0
335,-0.2966140915016671,0,183,37,39,43,4,0
335,-0.2966140915016671,0,186,54,38,60,0,0
336,-0.31661409150166714,0,182,25,40,27,5,0
336,-0.31661409150166714,0,183,37,39,43,4,0
336,-0.31661409150166714,0,186,54,38,60,0,0
337,-0.33661409150166716,0,182,25,40,27,5,0
337,-0.33661409150166716,0,183,37,39,43,4,0
337,-0.33661409150166716,0,186,54,42,60,0,0
338,-0.3566140915016672,0,182,25,40,27,4,0
338,-0.3566140915016672,0,183,37,39,43,4,0
338,-0.3566140915016672,0,186,54,38,60,0,0
339,-0.3766140915016672,0,182,24,42,27,4,0
339,-0.3766140915016672,0,183,37,39,43,4,0
339,-0.3766140915016672,0,186,54,42,60,0,0
340,-0.3966140915016672,0,182,24,42,27,4,0
340,-0.3966140915016672,0,183,37,39,44,3,0
340,-0.3966140915016672,0,186,54,37,60,0,0
341,-0.4166140915016672,0,182,24,42,27,4,0
341,-0.4166140915016672,0,183,37,39,45,4,0
341,-0.4166140915016672,0,186,54,38,60,0,0
342,-0.43661409150166725,0,182,24,42,27,4,0
342,-0.43661409150166725,0,183,37,39,45,4,0
342,-0.43661409150166725,0,186,54,38,60,0,0
343,-0.45661409150166726,0,182,24,42,27,4,0
343,-0.45661409150166726,0,183,37,39,44,3,0
343,-0.45661409150166726,0,186,54,42,60,0,0
344,-0.4766140915016673,0,182,24,42,27,4,0
344,-0.4766140915016673,0,183,37,39,43,3,0
344,-0.4766140915016673,0,186,54,38,60,0,0
345,-0.4966140915016673,0,182,24,42,27,5,0
345,-0.4966140915016673,0,183,37,39,45,4,0
345,-0.4966140915016673,0,186,54,37,60,0,0
346,-0.5,0,182,24,42,27,4,0
346,-0.5,0,183,37,39,45,4,0
346,-0.5,0,186,54,38,60,0,0
347,-0.5,0,182,24,42,27,4,0
347,-0.5,0,183,37,39,45,4,0
347,-0.5,0,186,55,35,60,0,0
348,-0.5,0,182,24,42,27,4,0
348,-0.5,0,183,37,39,44,3,0
348,-0.5,0,186,54,42,60,0,0
349,-0.5,0,182,24,42,27,4,0
349,-0.5,0,183,37,39,44,3,0
349,-0.5,0,186,55,35,60,0,0
350,-0.5,0,182,24,42,27,4,0
350,-0.5,0,183,37,39,45,4,0
350,-0.5,0,186,54,38,60,0,0
351,-0.5,0,182,25,40,27,4,0
351,-0.5,0,183,37,39,43,4,0
351,-0.5,0,186,54,38,60,0,0
352,-0.5,0,182,25,40,27,4,0
352,-0.5,0,183,37,39,44,3,0
352,-0.5,0,186,55,35,60,0,0
353,-0.5,0,182,25,40,27,5,0
353,-0.5,0,183,37,39,44,3,0
353,-0.5,0,186,54,37,60,0,0
354,-0.5,0,182,24,42,27,5,0
354,-0.5,0,183,37,39,44,3,0
354,-0.5,0,186,54,42,60,0,0
355,-0.5,0,182,24,42,27,5,0
355,-0.5,0,183,37,39,43,4,0
355,-0.5,0,186,54,36,60,0,0
356,-0.5,0,182,25,40,27,5,0
356,-0.5,0,183,37,39,43,4,0
356,-0.5,0,186,55,35,60,0,0
357,-0.5,0,182,25,40,27,4,0
357,-0.5,0,183,37,39,43,3,0
357,-0.5,0,186,55,36,60,0,0
358,-0.5,0,182,24,42,27,5,0
358,-0.5,0,183,37,39,43,4,0
358,-0.5,0,186,54,37,60,0,0
359,-0.5,0,182,24,42,27,4,0
359,-0.5,0,183,37,39,43,3,0
359,-0.5,0,186,55,35,60,0,0
360,-0.5,0,182,25,40,27,4,0
360,-0.5,0,183,37,39,43,4,0
360,-0.5,0,186,54,38,60,0,0
361,-0.5,0,182,25,40,28,4,0
361,-0.5,0,183,37,39,43,4,0
361,-0.5,0,186,54,37,60,0,0
362,-0.45,0,182,25,40,27,4,0
362,-0.45,0,183,38,39,43,4,0
362,-0.45,0,186,54,42,60,0,0
363,-0.405,0,182,25,40,26,4,0
363,-0.405,0,183,38,39,43,4,0
363,-0.405,0,186,54,37,60,0,0
364,-0.36450000000000005,0,182,25,40,27,4,0
364,-0.36450000000000005,0,183,37,39,43,4,0
364,-0.36450000000000005,0,186,54,37,60,0,0
365,-0.32805000000000006,0,182,24,42,27,4,0
365,-0.32805000000000006,0,183,37,39,43,4,0
365,-0.32805000000000006,0,186,54,42,60,0,0
366,-0.2952450000000001,0,182,25,40,26,4,0
366,-0.2952450000000001,0,183,37,39,43,4,0
366,-0.2952450000000001,0,186,54,38,60,0,0
367,-0.2657205000000001,0,182,25,40,26,4,0
367,-0.2657205000000001,0,183,37,39,43,4,0
367,-0.2657205000000001,0,186,54,38,60,0,0
368,-0.23914845000000007,0,182,25,40,26,4,0
368,-0.23914845000000007,0,183,37,39,43,4,0
368,-0.23914845000000007,0,186,54,42,60,0,0
369,-0.21523360500000008,0,182,24,42,26,4,0
369,-0.21523360500000008,0,183,37,39,43,4,0
369,-0.21523360500000008,0,186,54,37,60,0,0
370,-0.19371024450000007,0,182,24,42,27,4,0
370,-0.19371024450000007,0,183,38,39,44,4,0
370,-0.19371024450000007,0,186,54,42,60,0,0
371,-0.17433922005000008,0,182,25,40,27,5,0
371,-0.17433922005000008,0,183,37,39,43,4,0
371,-0.17433922005000008,0,186,54,42,60,0,0
372,-0.15690529804500009,0,182,25,40,26,4,0
372,-0.15690529804500009,0,183,37,39,43,4,0
372,-0.15690529804500009,0,186,55,35,60,0,0
373,-0.14121476824050008,0,182,24,42,26,4,0
373,-0.14121476824050008,0,183,37,39,43,4,0
373,-0.14121476824050008,0,186,54,42,60,0,0
374,-0.12709329141645007,0,182,25,40,27,5,0
374,-0.12709329141645007,0,183,37,39,44,4,0
374,-0.12709329141645007,0,186,54,42,60,0,0
375,-0.11438396227480506,0,182,25,40,26,4,0
375,-0.11438396227480506,0,183,37,39,43,4,0
375,-0.11438396227480506,0,186,53,42,60,0,0
376,-0.10294556604732455,0,182,25,40,27,5,0
376,-0.10294556604732455,0,183,37,39,44,4,0
376,-0.10294556604732455,0,186,54,36,60,0,0
377,-0.0926510094425921,0,182,25,40,27,5,0
377,-0.0926510094425921,0,183,37,39,43,4,0
377,-0.0926510094425921,0,186,54,37,60,0,0
378,-0.08338590849833288,0,182,25,40,27,5,0
378,-0.08338590849833288,0,183,37,39,43,4,0
378,-0.08338590849833288,0,186,55,35,60,0,0
379,-0.0750473176484996,0,182,25,40,27,5,0
379,-0.0750473176484996,0,183,37,39,43,4,0
379,-0.0750473176484996,0,186,54,42,60,0,0
380,-0.06754258588364964,0,182,25,40,26,4,0
380,-0.06754258588364964,0,183,37,39,44,4,0
380,-0.06754258588364964,0,186,54,38,60,0,0
381,-0.06078832729528468,0,182,24,42,26,4,0
381,-0.06078832729528468,0,183,37,39,43,4,0
381,-0.06078832729528468,0,186,54,39,60,0,0
382,-0.05470949456575622,0,182,25,42,27,5,0
382,-0.05470949456575622,0,183,37,39,45,5,0
382,-0.05470949456575622,0,186,54,42,60,0,0
383,-0.0492385451091806,0,182,23,43,27,5,0
383,-0.0492385451091806,0,183,38,39,44,4,0
383,-0.0492385451091806,0,186,54,42,60,0,0
384,-0.04431469059826254,0,182,25,42,29,6,0
384,-0.04431469059826254,0,183,39,38,43,4,0
384,-0.04431469059826254,0,186,54,42,60,0,0
385,-0.039883221538436285,0,182,23,42,27,5,0
385,-0.039883221538436285,0,183,38,37,43,4,0
385,-0.039883221538436285,0,186,54,42,60,0,0
386,-0.03589489938459266,0,182,25,40,27,5,0
386,-0.03589489938459266,0,183,37,39,44,4,0
386,-0.03589489938459266,0,186,54,42,60,0,0
387,-0.032305409446133394,0,182,25,42,27,5,0
387,-0.032305409446133394,0,183,37,39,43,4,0
387,-0.032305409446133394,0,186,54,42,60,0,0
388,-0.029074868501520055,0,182,25,42,27,5,0
388,-0.029074868501520055,0,183,37,39,43,4,0
388,-0.029074868501520055,0,186,54,42,60,0,0
389,-0.02616738165136805,0,182,23,43,26,5,0
389,-0.02616738165136805,0,183,37,40,43,4,0
389,-0.02616738165136805,0,186,55,43,60,0,0
390,-0.023550643486231246,0,182,24,42,26,5,0
390,-0.023550643486231246,0,183,38,37,43,4,0
390,-0.023550643486231246,0,186,54,42,60,0,0
391,-0.021195579137608122,0,182,25,42,26,5,0
391,-0.021195579137608122,0,183,37,39,44,4,0
391,-0.021195579137608122,0,186,54,42,60,0,0
392,-0.01907602122384731,0,182,24,42,27,5,0
392,-0.01907602122384731,0,183,37,40,43,4,0
392,-0.01907602122384731,0,186,55,43,60,0,0
393,-0.01716841910146258,0,182,23,43,27,5,0
393,-0.01716841910146258,0,183,39,39,43,4,0
393,-0.01716841910146258,0,186,54,43,60,0,0
394,-0.015451577191316321,0,182,23,43,27,5,0
394,-0.015451577191316321,0,183,38,38,43,5,0
394,-0.015451577191316321,0,186,54,42,60,0,0
395,-0.01390641947218469,0,182,23,43,27,5,0
395,-0.01390641947218469,0,183,37,40,44,6,0
395,-0.01390641947218469,0,186,54,43,60,0,0
396,-0.012515777524966222,0,182,23,43,27,6,0
396,-0.012515777524966222,0,183,37,40,44,6,0
396,-0.012515777524966222,0,186,54,42,59,0,0
397,-0.0112641997724696,0,182,23,43,26,5,0
397,-0.0112641997724696,0,183,38,37,44,5,0
397,-0.0112641997724696,0,186,54,42,59,0,0
398,-0.010137779795222639,0,182,23,43,26,5,0
398,-0.010137779795222639,0,183,38,38,44,6,0
398,-0.010137779795222639,0,186,54,43,60,0,0
399,-0.009124001815700375,0,182,25,42,26,5,0
399,-0.009124001815700375,0,183,37,40,43,5,0
399,-0.009124001815700375,0,186,55,35,60,0,0
